{"1000_5": 0.015625, "1000_100": 0.3125, "1000_999": 3.78125, "2000_5": 0.015625, "2000_100": 0.703125, "2000_999": 7.828125, "3000_5": 0.046875, "3000_100": 1.015625, "3000_999": 11.8125, "4000_5": 0.09375, "4000_100": 1.375, "4000_999": 15.65625, "5000_5": 0.140625, "5000_100": 1.734375, "5000_999": 19.96875, "10000_5": 0.265625, "10000_100": 3.546875, "10000_999": 40.203125}