{"1000_5": 0.28125, "1000_100": 0.3125, "1000_999": 0.328125, "2000_5": 1.21875, "2000_100": 1.1875, "2000_999": 1.390625, "3000_5": 2.65625, "3000_100": 2.671875, "3000_999": 2.90625, "4000_5": 4.75, "4000_100": 4.671875, "4000_999": 4.984375, "5000_5": 7.421875, "5000_100": 7.3125, "5000_999": 7.5625, "10000_5": 29.890625, "10000_100": 29.0, "10000_999": 29.1875}